m,n,k,maxflops,minflops
10000,10000,10000,1.40422e+06,1.37503e+06
10017,10017,10017,1.36049e+06,1.34536e+06
10034,10034,10034,1.36631e+06,1.35386e+06
10051,10051,10051,1.37759e+06,1.34413e+06
10068,10068,10068,1.37922e+06,1.32266e+06
10085,10085,10085,1.38312e+06,1.32302e+06
10102,10102,10102,1.3807e+06,1.29941e+06
10112,10112,10112,1.39009e+06,1.35814e+06
